01Comics|comics/01Comics.png
12 Gates Productions|comics/12 Gates Productions.png
12-Gauge Comics|comics/12-Gauge Comics.png
1st Amendment Publishing|comics/1st Amendment Publishing.png
2000AD|comics/2000AD.png
215 INK|comics/215 INK.png
21st Century Sandshark Studios|comics/21st Century Sandshark Studios.png
3 Finger Prints|comics/3 Finger Prints.png
3ntini Editore|comics/3ntini Editore.png
4 Winds|comics/4 Winds.png
803 Studios|comics/803 Studios.png
8th Day Entertainment|comics/8th Day Entertainment.png
A D Vision|comics/A D Vision.png
A List Comics|comics/A List Comics.png
A Wave Blue World|comics/A Wave Blue World.png
A-Plus|comics/A-Plus.png
A.M. Works|comics/A.M. Works.png
A.R.C.|comics/A.R.C..png
A10 Comics|comics/A10 Comics.png
AAA Pop|comics/AAA Pop.png
Aardvark-Vanaheim|comics/Aardvark-Vanaheim.png
Aardvark|comics/Aardvark.png
Aardwolf Productions|comics/Aardwolf Productions.png
Aazurn|comics/Aazurn.png
Abacus Press|comics/Abacus Press.png
Abbeville Press|comics/Abbeville Press.png
Aberration Press|comics/Aberration Press.png
Abiogenesis Press|comics/Abiogenesis Press.png
Ablaze Media|comics/Ablaze Media.png
Ablaze|comics/Ablaze.png
About Comics|comics/About Comics.png
Abril|comics/Abril.png
Abstract Studio|comics/Abstract Studio.png
AC|comics/AC.png
Academy Comics Ltd|comics/Academy Comics Ltd.png
Acclaim|comics/Acclaim.png
Ace Comics|comics/Ace Comics.png
Ace Magazines#Ace|comics/Ace Magazines.png
Ace Publications Inc|comics/Ace Publications Inc.png
Acetylene|comics/Acetylene.png
ACG|comics/ACG.png
Acid Rain Studios|comics/Acid Rain Studios.png
Acme#ACME Press|comics/Acme.png
Across The Pond Studios|comics/Across The Pond Studios.png
Action Planet Comics|comics/Action Planet Comics.png
Active Images|comics/Active Images.png
Active Synapse|comics/Active Synapse.png
Adhouse Books|comics/Adhouse Books.png
Adventure|comics/Adventure.png
Adversary Comix|comics/Adversary Comix.png
After Hours Press|comics/After Hours Press.png
Aftermath|comics/Aftermath.png
Aftershock Comics|comics/Aftershock Comics.png
Aircel Publishing|comics/Aircel Publishing.png
Airship Entertainment|comics/Airship Entertainment.png
AiT Planet Lar|comics/AiT Planet Lar.png
AKA Comics|comics/AKA Comics.png
Alamat Comics|comics/Alamat Comics.png
Albatross Exploding Funny Books|comics/Albatross Exploding Funny Books.png
Albert Bonniers F|comics/Albert Bonniers F.png
Albin Michel|comics/Albin Michel.png
Alchemy Studios|comics/Alchemy Studios.png
Aleta Ediciones|comics/Aleta Ediciones.png
Alias Enterprises|comics/Alias Enterprises.png
Aliwan Comics|comics/Aliwan Comics.png
All Star|comics/All Star.png
All Thumbs Press|comics/All Thumbs Press.png
All-American Comics|comics/All-American Comics.png
All-Negro Comics|comics/All-Negro Comics.png
Alterna Comics|comics/Alterna Comics.png
Alternative Press|comics/Alternative Press.png
altraverse#Altraverse GmbH|manga/altraverse.png
Alvglans|comics/Alvglans.png
Amalgam Comics|comics/Amalgam Comics.png
Amazing Aaron Productions|comics/Amazing Aaron Productions.png
Amazing Comics|comics/Amazing Comics.png
Ambrosia Publishing|comics/Ambrosia Publishing.png
America's Best Comics|comics/America's Best Comics.png
American Cancer Society|comics/American Cancer Society.png
American Comics Group|comics/American Comics Group.png
American Mule|comics/American Mule.png
Americanime|comics/Americanime.png
Americomics|comics/Americomics.png
Amerotica|comics/Amerotica.png
Amigo Comics#Amigo|comics/Amigo Comics.png
Amryl Entertainment|comics/Amryl Entertainment.png
Anarchy Studios|comics/Anarchy Studios.png
Andrews McMeel#Andrews McMeel Publishing|comics/Andrews McMeel.png
Angel Entertainment|comics/Angel Entertainment.png
Angel Gate Press|comics/Angel Gate Press.png
Angry Viking Press|comics/Angry Viking Press.png
ANIA|comics/ANIA.png
Ankama#Ankama Éditions#Ankama Editions|comics/Ankama.png
Annexia Edizioni|comics/Annexia Edizioni.png
Antarctic Press|comics/Antarctic Press.png
Antimatter|comics/Antimatter.png
Antonio Vallardi Editore|comics/Antonio Vallardi Editore.png
APComics|comics/APComics.png
Ape Entertainment|comics/Ape Entertainment.png
Apex Novelties|comics/Apex Novelties.png
Apparat|comics/Apparat.png
Approbation Comics|comics/Approbation Comics.png
Arcade Comics|comics/Arcade Comics.png
Arcana Studio|comics/Arcana Studio.png
Archaia Studios Press|comics/Archaia Studios Press.png
Archie Adventure Series|comics/Archie Adventure Series.png
Archie Comics|comics/Archie Comics.png
Archie|comics/Archie.png
Ardden Entertainment|comics/Ardden Entertainment.png
Argo Publications|comics/Argo Publications.png
Aria Press|comics/Aria Press.png
Armada|comics/Armada.png
Arnoldo Mondadori Editore|comics/Arnoldo Mondadori Editore.png
Arrow|comics/Arrow.png
ASCII Media Works#ASCII|manga/ascii.png
Aspen MLT|comics/Aspen MLT.png
Astonish Comics|comics/Astonish Comics.png
Asuka Comics|comics/Asuka Comics.png
Asylum Press|comics/Asylum Press.png
Atari|comics/Atari.png
Atlantis Studios|comics/Atlantis Studios.png
Atlas Comics|comics/Atlas Comics.png
Atlas|comics/Atlas.png
Atomeka Press|comics/Atomeka Press.png
Atomic Basement|comics/Atomic Basement.png
August House|comics/August House.png
Avatar Press|comics/Avatar Press.png
Ave Fenix Comics y Libros|comics/Ave Fenix Comics y Libros.png
Avery Hill Publishing|comics/Avery Hill Publishing.png
Avon|comics/Avon.png
AWA Studios|comics/AWA Studios.png
Azteca Productions|comics/Azteca Productions.png
Azuki|manga/azuki.png
Azure Press|comics/Azure Press.png
B & H Publishing Group|comics/B & H Publishing Group.png
Baby Tattoo Books|comics/Baby Tattoo Books.png
Bad Dog Books|comics/Bad Dog Books.png
Bad Habit Books|comics/Bad Habit Books.png
Bald Guy Studios|comics/Bald Guy Studios.png
Baldini Castoldi Dalai Editore|comics/Baldini Castoldi Dalai Editore.png
Ball Publishing|comics/Ball Publishing.png
Ballantine Books|comics/Ballantine Books.png
Bamboo Édition|comics/Bamboo Édition.png
Bantam Books|comics/Bantam Books.png
Basement Comics|comics/Basement Comics.png
Battlebooks Incorporated|comics/Battlebooks Incorporated.png
BBC Books|comics/BBC Books.png
Beanworld Press|comics/Beanworld Press.png
Beckett|comics/Beckett.png
Berkeley Books#Berkeley Publishing Group|comics/Berkeley Books.png
Berserker Comics|comics/Berserker Comics.png
Best Destiny|comics/Best Destiny.png
Beta 3|comics/Beta 3.png
Big Balloon|comics/Big Balloon.png
Big City Comics|comics/Big City Comics.png
Big Dog Ink|comics/Big Dog Ink.png
bilibili|manga/bilibili.png
BKR Comics|comics/BKR Comics.png
Black ball Comics|comics/Black ball Comics.png
Black Bull|comics/Black Bull.png
Black Cat Comics|comics/Black Cat Comics.png
Blackline Studios|comics/Blackline Studios.png
Blackthorne|comics/Blackthorne.png
Blake et Mortimer|comics/Blake et Mortimer.png
Bliss on Tap Publishing|comics/Bliss on Tap Publishing.png
Bloch#Bloch Infanto Juvenil|comics/Bloch.png
Bloodfire Studios|comics/Bloodfire Studios.png
Bloody Mary Comics|comics/Bloody Mary Comics.png
Blu Manga|comics/Blu Manga.png
Blue King Studios|comics/Blue King Studios.png
Bluewater Productions|comics/Bluewater Productions.png
Bodog|comics/Bodog.png
Bold Strokes Books|books/Bold Strokes Books.jpg
Bomtoon|manga/bomtoon.png
Bongo#Bongo Entertainment|comics/Bongo.png
Bonnier Carlsen|comics/Bonnier Carlsen.png
BOOM Kids!#Boom! Kids#Boom Kids|comics/BOOM Kids!.png
Boom!#Boom! Studios#Boom Studios#Boom Entertainment|comics/Boom!.png
Boundless|comics/Boundless.png
Brainstorm|comics/Brainstorm.png
Broadsword Comics|comics/Broadsword Comics.png
Broadway|comics/Broadway.png
Broken Tree Comics|comics/Broken Tree Comics.png
Bulletproof Comics|comics/Bulletproof Comics.png
Bunte Dimensionen|comics/Bunte Dimensionen.png
Burlyman Entertainment|comics/Burlyman Entertainment.png
Cackling Imp Press|comics/Cackling Imp Press.png
Cafe Digital|comics/Cafe Digital.png
Cahaba Productions|comics/Cahaba Productions.png
Caliber Comics|comics/Caliber Comics.png
Cambridge House Publishers|comics/Cambridge House Publishers.png
Canadian Jewish Congress|comics/Canadian Jewish Congress.png
Candlewick Press|comics/Candlewick Press.png
Capcom|comics/Capcom.png
Capital Comics|comics/Capital Comics.png
Capstone Press|comics/Capstone Press.png
Captain Clockwork|comics/Captain Clockwork.png
Caption Comics|comics/Caption Comics.png
Carbon-Based Comics|comics/Carbon-Based Comics.png
Carlsen Comics|comics/Carlsen Comics.png
Carlsen Verlag|comics/Carlsen Verlag.png
Carlton Publishing|comics/Carlton Publishing.png
Carnal Comics|comics/Carnal Comics.png
Carnival Comics|comics/Carnival Comics.png
Cartoon Books|comics/Cartoon Books.png
Cartoonists Co-Op Press|comics/Cartoonists Co-Op Press.png
Casterman|comics/Casterman.png
Catastrophic Comics|comics/Catastrophic Comics.png
Cellar Door Publishing|comics/Cellar Door Publishing.png
Centaur|comics/Centaur.png
Central Park Media|comics/Central Park Media.png
Chaos! Comics|comics/Chaos! Comics.png
Chaos!|comics/Chaos!.png
Charlton|comics/Charlton.png
Checker Book Publishing Group|comics/Checker Book Publishing Group.png
Chicago Mail Order Comics|comics/Chicago Mail Order Comics.png
Chick Publications|comics/Chick Publications.png
Chimaera Comics|comics/Chimaera Comics.png
Chronicle Books|comics/Chronicle Books.png
Chuang Yi|comics/Chuang Yi.png
Cinebook|comics/Cinebook.png
Cinebooks|comics/Cinebooks.png
Class Comics|comics/Class Comics.png
Cliffhanger|comics/Cliffhanger.png
CMX|comics/CMX.png
Coffin Comics|comics/Coffin Comics.png
Colour Comics Pty Ltd|comics/Colour Comics Pty Ltd.png
Com|comics/Com.png
Comic Art Gallery|comics/Comic Art Gallery.png
Comic Art|comics/Comic Art.png
Comic Bom Bom|comics/Comic Bom Bom.png
Comic Media|comics/Comic Media.png
Comico|comics/Comico.png
ComicSmart|manga/ComicSmart.png
Comikey|manga/Comikey.png
Comicraft|comics/Comicraft.png
comixology|comics/comixology.png
Coniglio Editore|comics/Coniglio Editore.png
Conrad Editora|comics/Conrad Editora.png
Continuity|comics/Continuity.png
Craf Publishers|comics/Craf Publishers.png
CrankLeft|comics/CrankLeft.png
Creation Books|comics/Creation Books.png
Creators Edge Press|comics/Creators Edge Press.png
Crossgen Comics|comics/Crossgen Comics.png
Crossgen|comics/Crossgen.png
Crunchyroll|manga/Crunchyroll.png
Crusade|comics/Crusade.png
Cry For Dawn Productions|comics/Cry For Dawn Productions.png
Ctrl Alt Del|comics/Ctrl Alt Del.png
Cupples & Leon|comics/Cupples & Leon.png
Curtis Publishing|comics/Curtis Publishing.png
Curtis#Curtis Magazines|comics/Curtis.png
Cyclone Comics|comics/Cyclone Comics.png
Cómics Forum|comics/Cómics Forum.png
D-Arte#Editora D-Arte|comics/D-Arte.png
Dabel Brothers Productions|comics/Dabel Brothers Productions.png
Dargaud|comics/Dargaud.png
Dark Horse#Dark Horse Comics|comics/Dark Horse.png
DB Pro|comics/DB Pro.png
DC Comics#DC|comics/DC Comics.png
DC Comics(2011-2050)#DC(2011-2050)|comics/DC Comics(2011-2050).png
Dead Dog|comics/Dead Dog.png
Delcourt|comics/Delcourt.png
Dell|comics/Dell.png
Delrey|comics/Delrey.png
Deluxe Comics|comics/Deluxe Comics.png
Denki Bunko|manga/denki_bunko.png
Department of the Army|comics/Department of the Army.png
Derfcity Comics|comics/Derfcity Comics.png
Desperado Publishing|comics/Desperado Publishing.png
Devil's Due|comics/Devil's Due.png
Devir Contenidos|comics/Devir Contenidos.png
Devir Livraria|comics/Devir Livraria.png
Dibbuks|comics/Dibbuks.png
Digital Webbing|comics/Digital Webbing.png
Disney|comics/Disney.png
DK Press#DK Publishing|comics/DK Press.png
DK Press(2020-2050)#DK Publishing(2020-2050)|comics/DK Press(2020-2050).png
DMG Entertainment#DMG#Valiant Comics#DMG Valiant Entertainment|comics/DMG Entertainment.png
Doki Doki|comics/Doki Doki.png
Dolmen Editorial|comics/Dolmen Editorial.png
Dom Quixote Publicações#Dom Quixote|comics/Dom Quixote Publicações.png
Drakoo|comics/Drakoo.png
Drawn and Quarterly#Drawn & Quarterly|comics/Drawn and Quarterly.png
Dreamwave Productions|comics/Dreamwave Productions.png
DSTLRY|comics/DSTLRY.png
Dude Comics|comics/Dude Comics.png
Dupuis|comics/Dupuis.png
Dynamite#Dynamite Entertainment|comics/Dynamite.png
E. C.|comics/E. C..png
EBAL#Editora Brasil América Limitada#Editora Brasil América LTDA|comics/EBAL.png
Eclipse|comics/Eclipse.png
Ediciones B|comics/Ediciones B.png
Ediciones Vertice#Ediciones Vértice|comics/Ediciones Vertice.png
Ediouro|comics/Ediouro.png
Editorial Megamultimedia|comics/Editorial Megamultimedia.png
Editorial Vertice|comics/Editorial Vertice.png
Egmont Magazines|comics/Egmont Magazines.png
Ego#Ego Editora|comics/Ego.png
Electric Shepherd Productions|comics/Electric Shepherd Productions.png
Elseworlds|comics/Elseworlds.png
Epic#Epic Comics|comics/Epic.png
Eros Comix|comics/Eros Comix.png
Europe Comics|comics/Europe Comics.png
Event Comics|comics/Event Comics.png
Evil Twin Comics|comics/Evil Twin Comics.png
Famous Funnies|comics/Famous Funnies.png
Fantagraphics|comics/Fantagraphics.png
Farrar Straus and Giroux#Farrar Straus Giroux|comics/Farrar Straus and Giroux.png
Fawcett Publications|comics/Fawcett Publications.png
Federal Reserve Bank of New York|comics/Federal Reserve Bank of New York.png
Fiction House|comics/Fiction House.png
First Comics#First|comics/First Comics.png
First Second Books|comics/First Second Books.png
Fitzgerald Periodicals|comics/Fitzgerald Periodicals.png
Fluide Glacial|comics/Fluide Glacial.png
Four Star Comic Corp.#Four Star Publications|comics/Four Star Comic Corp..png
Four Walls Eight Windows|comics/Four Walls Eight Windows.png
Fox Atomic Comics|comics/Fox Atomic Comics.png
Fox Feature Syndicate|comics/Fox Feature Syndicate.png
Futabasha|manga/Futabasha.png
Gemstone#Gemstone Publishing|comics/Gemstone.png
GG Studio|comics/GG Studio.png
Gladstone#Gladstone Publishing|comics/Gladstone.png
Glenat#Glénat#Glenat Italia#Glénat Spain#Éditions Glénat#Éditions Glénat|comics/Glenat.png
Globo|comics/Globo.png
Gold Key|comics/Gold Key.png
Grand Angle|comics/Grand Angle.png
Graphic India|comics/Graphic India.png
Great Big Comics|comics/Great Big Comics.png
Gentosha|manga/gentosha.png
Grind House Comics|comics/Grind House Comics.png
Hachette|comics/Hachette.png
Hakusensha|manga/Hakusensha.png
Harper & Row|comics/Harper & Row.png
Harpercollins#HarperCollinsPublishers#HarperCollins Publishers|comics/Harpercollins.png
Harvey Pekar|comics/Harvey Pekar.png
Harvey|comics/Harvey.png
Heavy Metal Magazine|comics/Heavy Metal Magazine.png
HeavyMetal#Heavy Metal#Heavy Metal Comics|comics/HeavyMetal.png
Hero Initiative|comics/Hero Initiative.png
Hill and Wang|comics/Hill and Wang.png
Homage comics|comics/Homage comics.png
Houbunsha#Hobunsha|manga/houbunsha.png
Houghton Mifflin#Houghton Mifflin Harcourt|comics/Houghton Mifflin.png
Humanoids|comics/Humanoids.png
I Box Publishing|comics/I Box Publishing.png
Ichijinsha|manga/ichijinsha.png
Icon Comics|comics/Icon Comics.png
Iconic Comics|comics/Iconic Comics.png
Id Software|comics/Id Software.png
IDW Publishing#IDW|comics/IDW Publishing.png
Image#Image Comics|comics/Image.png
IMAV éditions|comics/IMAV éditions.png
INKR Comics#INKR|manga/inkr_comics.png
Irodori Sakura#Irodori Comics#Irodori Aqua#Shikimaya Publishing#Enshodo|manga/Irodori Sakura.png
JAMS + JELLIES|comics/JAMS + JELLIES.jpg
JAMS + JELLIES|comics/JAMS + JELLIES.png
J-Novel#J Novel#J Novel Club#J-Novel Club#JNC Nina|manga/j_novel.png
Johnny DC|comics/Johnny DC.png
Kaboom#Kaboom!|comics/Kaboom.png
Kadokawa Shoten#Kadokawa|comics/Kadokawa Shoten.png
Kaiten Books|comics/Kaiten Books.png
Kana|comics/Kana.png
KettleDrummer Books|comics/KettleDrummer Books.png
Key Publications|comics/Key Publications.png
Kill Time Communication|manga/Kill Time Communication.png
Kitchen Sink|comics/Kitchen Sink.png
KiZoic|comics/KiZoic.png
Kodansha#Kodansha USA#Kodansha Comics#Kodansha Comics USA#Kodansha Comics Digital-First!|comics/Kodansha.png
Kult Editionen|comics/Kult Editionen.png
Kurokawa|comics/Kurokawa.png
L. Miller|comics/L. Miller.png
Last Gasp|comics/Last Gasp.png
Le Lombard|comics/Le Lombard.png
Legend|comics/Legend.png
Legendary Comics|comics/Legendary Comics.png
Les Humanoides#Les Humanoïdes Associés|comics/Les Humanoides.png
Les Éditions Albert René|comics/Les Éditions Albert René.png
Les Éditions La Presse|comics/Les Éditions La Presse.png
Lev Gleason|comics/Lev Gleason.png
Lightning|comics/Lightning.png
Linsner|comics/Linsner.png
Lion Forge Comics|comics/Lion Forge Comics.png
London Night Studios|comics/London Night Studios.png
Lone Star Press|comics/Lone Star Press.png
Lucky Comics#Lucky Productions|comics/Lucky Comics.png
M.L.J. Magazines|comics/M.L.J. Magazines.png
Mad Cave#Mad Cave Studios|comics/Mad Cave.png
Mad Fabrik|comics/Mad Fabrik.png
Mad Love#Mad Love Publishing|comics/Mad Love.png
Mad|comics/Mad.png
Magazine Enterprises|comics/Magazine Enterprises.png
Magnetic Press|comics/Magnetic Press.png
Malibu|comics/Malibu.png
Man of Action Studios|comics/Man of Action Studios.png
MangaONE|comics/MangaONE.png
Manga Up#Manga Up Global#Manga Up! Global|manga/Manga Up.png
Manga Plaza|manga/Manga Plaza.png
Markosia|comics/Markosia.png
Marsu Productions|comics/Marsu Productions.png
Marvel Adventures|comics/Marvel Adventures.png
Marvel Age|comics/Marvel Age.png
Marvel Digital Comics|comics/Marvel Digital Comics.png
Marvel Knights|comics/Marvel Knights.png
Marvel Limited Series|comics/Marvel Limited Series.png
Marvel Now!|comics/Marvel Now!.png
Marvel#Marvel Comics|comics/Marvel.png
Maverick|comics/Maverick.png
Max#Max Comics|comics/Max.png
Maximum Press|comics/Maximum Press.png
MC2|comics/MC2.png
Meet Danny Ocean|comics/Meet Danny Ocean.png
Mercury Comics|comics/Mercury Comics.png
Metropolitan Books|comics/Metropolitan Books.png
Milestone|comics/Milestone.png
Minx|comics/Minx.png
monkeybrain Comics|comics/monkeybrain Comics.png
Moonstone|comics/Moonstone.png
Mudnag|comics/Mudnag.png
Mythopoeia|comics/Mythopoeia.png
Mythos Editora|comics/Mythos Editora.png
Nbm|comics/Nbm.png
New England Comics|comics/New England Comics.png
New Realm|comics/New Realm.png
No Lands Productions|comics/No Lands Productions.jpg
No Lands Productions|comics/No Lands Productions.png
Norma Editorial|comics/Norma Editorial.png
Not Available Comics|comics/Not Available Comics.png
Now Comics|comics/Now Comics.png
Oblivion Books|comics/Oblivion Books.png
One Peace Books|comics/One Peace Books.png
Oni Press|comics/Oni Press.png
Oog & Blik|comics/Oog & Blik.png
Orbit|books/Orbit.png
Pacific Comics|comics/Pacific Comics.png
Panini Comics|comics/Panini Comics.png
Panini España|comics/Panini España.png
Pantheon|comics/Pantheon.png
Papercutz|comics/Papercutz.png
PaperStreet Comics|comics/PaperStreet Comics.png
Paradox Press|comics/Paradox Press.png
Penguin Books#Penguin Random House LLC#Penguin Publishing Group|comics/Penguin Books.png
Pika Édition|comics/Pika Édition.png
Pipoca & Nanquim|comics/Pipoca & Nanquim.png
Planeta Cómic|comics/Planeta Cómic.png
Planeta DeAgostini|comics/Planeta DeAgostini.png
Platinum Studios Comics|comics/Platinum Studios Comics.png
Pocket Comics|manga/pocket-comics.png
Ponent Mon#Ponent-Mon-Destacada|comics/Ponent Mon.png
Postype|manga/postype.png
Presse Aventure|comics/Presse Aventure.png
Print Mint|comics/Print Mint.png
Prize|comics/Prize.png
Quality Communications|comics/Quality Communications.png
Quality|comics/Quality.png
Radical Publishing|comics/Radical Publishing.png
Random House|comics/Random House.png
Random House Children's Books|books/Random House Children's Books.jpg
RAW Books & Graphics|comics/RAW Books & Graphics.png
Razerbladeapple|comics/Razerbladeapple.png
Rebellion|comics/Rebellion.png
Red 5 Comics|comics/Red 5 Comics.png
Red Circle#Red Circle Productions|comics/Red Circle.png
Renegade Press|comics/Renegade Press.png
Revolutionary|comics/Revolutionary.png
Rio Gráfica e Editora#RGE|comics/Rio Gráfica e Editora.png
Rip Off Press|comics/Rip Off Press.png
Rizzoli Lizard|comics/Rizzoli Lizard.png
San Francisco Comic Book Company|comics/San Francisco Comic Book Company.png
Scholastic Book Services|comics/Scholastic Book Services.png
Scholastic|comics/Scholastic.png
Scout Comics|comics/Scout Comics.png
Self Made Hero|comics/Self Made Hero.png
SelfMadeHero|comics/SelfMadeHero.png
Sergio Bonelli Editore|comics/Sergio Bonelli Editore.png
Shadowline|comics/Shadowline.png
Shanda Fantasy Arts|comics/Shanda Fantasy Arts.png
Shogakukan#Shogakukan Asia|comics/Shogakukan.png
Shueisha|comics/Shueisha.png
Silent Devil Productions|comics/Silent Devil Productions.png
Silvester Strips|comics/Silvester Strips.png
Simon and Schuster#Simon & Schuster|comics/Simon and Schuster.png
Sirius Entertainment|comics/Sirius Entertainment.png
Skript#Skript Editora|comics/Skript.png
Skybound Entertainment|comics/Skybound Entertainment.png
Skybound|comics/Skybound.png
Slg Publishing#Slave Labor Graphics|comics/Slg Publishing.png
Soleil Productions|comics/Soleil Productions.png
Soleil|comics/Soleil.png
Source Point Press|comics/Source Point Press.png
Sparkplug Comic Books|comics/Sparkplug Comic Books.png
Speakeasy Comics|comics/Speakeasy Comics.png
Sphinx Comix|comics/Sphinx Comix.png
Spire Christian Comics|comics/Spire Christian Comics.png
Splitter|comics/Splitter.png
Square Enix Manga & Books#Square Enix#Square Enix USA|comics/Square Enix Manga & Books.png
St. John Publishing|comics/St. John Publishing.png
St. Martin's Publishing Group|books/St. Martin's Publishing Group.png
Standard|comics/Standard.png
Star Comics|comics/Star Comics.png
Star Publications|comics/Star Publications.png
Starhead Comix|comics/Starhead Comix.png
Storm King Comics|comics/Storm King Comics.png
Super Genius Comics|comics/Super Genius Comics.png
Super Nova Produções#Super Nova|comics/Super Nova Produções.png
Tangent|comics/Tangent.png
Taschen|comics/Taschen.png
Tekno Comix|comics/Tekno Comix.png
Ten Speed Press|comics/Ten Speed Press.png
Th3rd World|comics/Th3rd World.png
Th3rdWorld Studios|comics/Th3rdWorld Studios.png
Thalos Editorial|comics/Thalos Editorial.png
The 3-D Zone|comics/The 3-D Zone.png
The Company & Sons|comics/The Company & Sons.png
The Will Eisner Library|comics/The Will Eisner Library.png
Thrillbent|comics/Thrillbent.png
TidalWave Productions|comics/TidalWave Productions.png
Timely Publications|comics/Timely Publications.png
Titan Books|comics/Titan Books.png
Titan Comics|comics/Titan Comics.png
Titan Magazines|comics/Titan Magazines.png
Titan#Titan Comics|comics/Titan.png
TKO Studios|comics/TKO Studios.png
Toby Press|comics/Toby Press.png
Tokyopop|manga/Tokyopop.png
Top Cow|comics/Top Cow.png
Top Shelf#Top Shelf Productions|comics/Top Shelf.png
Topps Comics|comics/Topps Comics.png
Toutain Editor|comics/Toutain Editor.png
Tower Comics|comics/Tower Comics.png
Tragedy Strikes Press|comics/Tragedy Strikes Press.png
Tundra Publishing|comics/Tundra Publishing.png
TwoMorrows|comics/TwoMorrows.png
Ubisoft#Ubisoft Entertainment|comics/Ubisoft.png
UDON#Udon|comics/UDON.png
Valiant|comics/Valiant.png
Vault Comics|comics/Vault Comics.png
Vecchi|comics/Vecchi.png
Verotik|comics/Verotik.png
Vertical Inc.|comics/Vertical Inc..png
Vertigo Crime|comics/Vertigo Crime.png
Vertigo|comics/Vertigo.png
Villard Books|comics/Villard Books.png
Virgin#Virgin Comics|comics/Virgin.png
Vortex Comics|comics/Vortex Comics.png
W.W. Norton#W.W. Norton & Company|comics/W.W. Norton.png
Warner Books|comics/Warner Books.png
Warren Publishing|comics/Warren Publishing.png
Warren#A Warren Magazine|comics/Warren.png
Webtoon#Line Webtoon|comics/Webtoon.png
Whitman|comics/Whitman.png
WildStorm Signature Series|comics/WildStorm Signature Series.png
Wildstorm#Wildstorm Productions|comics/Wildstorm.png
Win-Mill Productions|comics/Win-Mill Productions.png
Wizard Comics|comics/Wizard Comics.png
Wizard|comics/Wizard.png
Yen Press|comics/Yen Press.png
Yermo Ediciones#Yermo Ediciones y Publicaciones|comics/Yermo Ediciones.png
Z2 Comics|comics/Z2 Comics.png
Zenescope Entertainment|comics/Zenescope Entertainment.png
Ziff#Ziff-Davis|comics/Ziff.png
Zip Comics|comics/Zip Comics.png
Éditions du Boréal#Boréal|comics/Éditions du Boréal.png
Éditions Moulinsart|comics/Éditions Moulinsart.png
Yen Press#Yen On|manga/Yen_Press.png
Seven Seas Entertainment#Seven Seas#Airship|manga/Seven Seas Entertainment.png
Viz#Viz Media|manga/Viz.png
Fakku#Fakku!|manga/fakku.png
Hayabusa|manga/hayabusa.png
Egmont Manga|manga/egmont manga.png
Dokico|manga/dokico.png
Kaze Manga#Kazé Manga#Kaze#Kazé|manga/kaze.png
Pixelite|manga/pixelite.png
Manja JAM session#MJS|manga/manga jam session.png
Carlsem Manga#Carlsen Manga!|manga/carlsen manga.png
Summer Salt|manga/summer salt.png
2D Market|manga/2d market.png
Denpasoft|manga/denpasoft.png
